Book Id,Title,Author,Author l-f,Additional Authors,ISBN,ISBN13,My Rating,Average Rating,Publisher,Binding,Number of Pages,Year Published,Original Publication Year,Date Read,Date Added,Bookshelves,Bookshelves with positions,Exclusive Shelf,My Review,Spoiler,Private Notes,Read Count,Owned Copies
61244268,"Godkiller (Fallen Gods, #1)",Hannah Kaner,"Kaner, Hannah",,"=""0008521468""","=""9780008521462""",0,3.91,Harper Voyager,Hardcover,304,2023,2023,,2024/08/03,to-read,to-read (#190),to-read,,,,0,0
19351043,Nimona,N.D. Stevenson,"Stevenson, N.D.",,"=""""","=""""",0,4.18,Harper Collins,Kindle Edition,272,2015,2015,,2024/07/28,to-read,to-read (#189),to-read,,,,0,0
40532263,Nervous and Angry Feelings,Athena Simone,"Simone, Athena",,"=""""","=""""",0,4.07,BLVNP Incorporated,Kindle Edition,13,2018,,,2018/06/17,currently-reading,currently-reading (#2),currently-reading,,,,1,0
6288,The Road,Cormac McCarthy,"McCarthy, Cormac",,"=""0307265439""","=""9780307265432""",0,3.99,Alfred A. Knopf,Hardcover,241,2006,2006,,2024/06/23,to-read,to-read (#188),to-read,,,,0,0
13453029,"Wool Omnibus (Silo, #1)",Hugh Howey,"Howey, Hugh",,"=""""","=""""",0,4.22,Broad Reach Publishing,Kindle Edition,509,2012,2012,,2024/06/23,to-read,to-read (#187),to-read,,,,0,0
17333324,"Ancillary Justice (Imperial Radch, #1)",Ann Leckie,"Leckie, Ann",,"=""""","=""""",0,3.99,Orbit,Paperback,386,2013,2013,,2024/04/08,to-read,to-read (#186),to-read,,,,0,0
34511,"Monstrous Regiment (Discworld, #31; Industrial Revolution, #3)",Terry Pratchett,"Pratchett, Terry",,"=""""","=""""",0,4.23,,Paperback,496,2003,2003,,2024/03/17,to-read,to-read (#185),to-read,,,,0,0
48727813,"She Who Became the Sun (The Radiant Emperor, #1)",Shelley Parker-Chan,"Parker-Chan, Shelley",,"=""1250621798""","=""9781250621795""",0,3.86,Tor Books,Kindle Edition,416,2021,2021,,2024/03/17,to-read,to-read (#184),to-read,,,,0,0
6080751,"Backwards to Oregon (The Oregon Series, #1)",Jae,"Jae, Jae",,"=""""","=""""",0,4.46,Ylva Publishing,Kindle Edition,465,2013,2007,,2024/03/13,to-read,to-read (#183),to-read,,,,0,0
704159,"Off the Wall (From the Files of Madison Finn, #15)",Laura Dower,"Dower, Laura",Stephanie Power,"=""0786817372""","=""9780786817375""",0,3.91,Volo,Paperback,176,2003,2004,,2024/03/10,,,read,,,,1,0
627848,"Thanks for Nothing (From the Files of Madison Finn, #5)",Laura Dower,"Dower, Laura",Stephanie Power,"=""0786815574""","=""9780786815579""",0,3.96,Volo,Paperback,165,2001,2001,,2024/03/10,,,read,,,,1,0
704153,"Double Dare (From the Files of Madison Finn, #14)",Laura Dower,"Dower, Laura",Stephanie Power,"=""0786817364""","=""9780786817368""",0,4.02,Volo,Paperback,176,2003,2003,,2024/03/10,,,read,,,,1,0
704152,"All Shook Up (From the Files of Madison Finn, #22)",Laura Dower,"Dower, Laura",,"=""0786837799""","=""9780786837793""",0,4.12,"Little, Brown Books for Young Readers",Paperback,176,2006,2006,,2024/03/10,,,read,,,,1,0
18394877,Denial,Jackie  Kennedy,"Kennedy, Jackie",,"=""""","=""""",0,4.18,Affinity Ebook Press NZ,Kindle Edition,369,2013,2013,,2023/12/19,,,read,,,,1,0
44650326,"Iron Heart (Crier's War, #2)",Nina Varela,"Varela, Nina",,"=""""","=""""",0,4.25,HarperTeen,Hardcover,400,2020,2020,2024/03/09,2024/03/09,,,read,,,,1,0
10210,Jane Eyre,Charlotte Brontë,"Brontë, Charlotte",Michael Mason,"=""0142437204""","=""9780142437209""",0,4.15,Penguin,Paperback,532,2003,1847,,2024/03/09,to-read,to-read (#182),to-read,,,,0,0
4981,Slaughterhouse-Five,Kurt Vonnegut Jr.,"Jr., Kurt Vonnegut",,"=""0385333846""","=""9780385333849""",0,4.10,Dial Press,Paperback,275,1999,1969,,2024/03/09,to-read,to-read (#181),to-read,,,,0,0
394535,"Blood Meridian, or, the Evening Redness in the West",Cormac McCarthy,"McCarthy, Cormac",,"=""""","=""""",0,4.16,Vintage Books,Paperback,351,2010,1985,,2024/03/09,to-read,to-read (#180),to-read,,,,0,0
63083089,Mrs. S,K.    Patrick,"Patrick, K.",,"=""1609458419""","=""9781609458416""",0,3.64,Europa Editions,Kindle Edition,240,2023,2023,,2024/03/08,to-read,to-read (#179),to-read,,,,0,0
75715117,Sunburn,Chloe Michelle Howarth,"Howarth, Chloe Michelle",,"=""0857308416""","=""9780857308412""",0,4.32,VERVE Books,Paperback,288,2023,2023,,2024/03/08,to-read,to-read (#178),to-read,,,,0,0
56969555,All of You Every Single One,Beatrice Hitchman,"Hitchman, Beatrice",,"=""1419756931""","=""9781419756931""",0,3.58,Harry N. Abrams,Hardcover,320,2022,2021,,2024/03/08,to-read,to-read (#177),to-read,,,,0,0
13623848,The Song of Achilles,Madeline Miller,"Miller, Madeline",,"=""""","=""""",0,4.32,Ecco,Paperback,408,2012,2011,,2024/03/07,to-read,to-read (#176),to-read,,,,0,0
6334,Never Let Me Go,Kazuo Ishiguro,"Ishiguro, Kazuo",,"=""""","=""""",0,3.85,Vintage Books ,Paperback,288,2010,2005,,2024/03/04,to-read,to-read (#175),to-read,,,,0,0
54120408,Klara and the Sun,Kazuo Ishiguro,"Ishiguro, Kazuo",,"=""059331817X""","=""9780593318171""",0,3.75,Alfred A. Knopf,Hardcover,303,2021,2021,,2024/03/04,to-read,to-read (#174),to-read,,,,0,0
28921,The Remains of the Day,Kazuo Ishiguro,"Ishiguro, Kazuo",,"=""""","=""""",0,4.14,Faber & Faber,Paperback,258,2005,1989,,2024/03/04,to-read,to-read (#173),to-read,,,,0,0
60839741,Bad Cree,Jessica Johns,"Johns, Jessica",,"=""0385548699""","=""9780385548694""",0,3.93,Doubleday,Hardcover,259,2023,2023,,2024/03/04,to-read,to-read (#172),to-read,,,,0,0
448873,"The Thief (The Queen's Thief, #1)",Megan Whalen Turner,"Turner, Megan Whalen",,"=""0060824972""","=""9780060824976""",0,3.85,Greenwillow Books,Paperback,280,2005,1996,,2024/03/04,to-read,to-read (#171),to-read,,,,0,0
16981,Invisible Man,Ralph Ellison,"Ellison, Ralph",,"=""""","=""""",0,3.91,Vintage,Paperback,581,1995,1952,,2024/03/04,to-read,to-read (#170),to-read,,,,0,0
26892110,The Library at Mount Char,Scott  Hawkins,"Hawkins, Scott",,"=""0553418629""","=""9780553418620""",0,4.09,Crown,Paperback,390,2016,2015,,2024/03/04,to-read,to-read (#169),to-read,,,,0,0
18143977,All the Light We Cannot See,Anthony Doerr,"Doerr, Anthony",,"=""1476746583""","=""9781476746586""",0,4.31,Scribner,Hardcover,544,2014,2014,,2024/03/04,to-read,to-read (#168),to-read,,,,0,0
27071490,Homegoing,Yaa Gyasi,"Gyasi, Yaa",,"=""""","=""""",0,4.47,Alfred A. Knopf,Hardcover,305,2016,2016,,2024/03/04,to-read,to-read (#167),to-read,,,,0,0
6351885,The 120 Days of Sodom,Marquis de Sade,"Sade, Marquis de",,"=""1604594187""","=""9781604594188""",0,3.08,Wilder Publications,Paperback,376,2009,1785,,2024/03/04,to-read,to-read (#166),to-read,,,,0,0
52382796,"Shōgun (Asian Saga, #1)",James Clavell,"Clavell, James",,"=""1982603844""","=""9781982603847""",0,4.41,Blackstone Publishing,Paperback,1152,2020,1975,,2024/03/04,to-read,to-read (#165),to-read,,,,0,0
10975,The Sound and the Fury,William Faulkner,"Faulkner, William",,"=""""","=""""",0,3.86,Vintage International,Paperback,366,1990,1929,,2024/03/04,to-read,to-read (#164),to-read,,,,0,0
13258,What Was She Thinking? [Notes on a Scandal],Zoë Heller,"Heller, Zoë",,"=""0312421990""","=""9780312421991""",0,3.73,Picador,Paperback,258,2003,2003,,2024/03/02,to-read,to-read (#163),to-read,,,,0,0
44890081,My Dark Vanessa,Kate Elizabeth Russell,"Russell, Kate Elizabeth",,"=""006294150X""","=""9780062941503""",0,4.10,William Morrow,Hardcover,373,2020,2020,,2024/03/02,to-read,to-read (#162),to-read,,,,0,0
45046552,"The Unspoken Name (The Serpent Gates, #1)",A.K. Larkwood,"Larkwood, A.K.",,"=""1250238900""","=""9781250238900""",0,3.73,Tor Books,Hardcover,464,2020,2020,,2024/03/02,to-read,to-read (#161),to-read,,,,0,0
55399,"Gardens of the Moon (Malazan Book of the Fallen, #1)",Steven Erikson,"Erikson, Steven",,"=""0765348780""","=""9780765348784""",0,3.92,Tor Books,Mass Market Paperback,666,2005,1999,,2024/03/02,to-read,to-read (#160),to-read,,,,0,0
41951626,"Crier's War (Crier's War, #1)",Nina Varela,"Varela, Nina",,"=""0062823965""","=""9780062823960""",3,4.12,Quill Tree Books,ebook,464,2019,2019,2024/02/26,2023/09/23,,,read,,,,1,0
231804,The Outsiders,S.E. Hinton,"Hinton, S.E.",,"=""""","=""""",0,4.13,Puffin Books (US/CAN),Mass Market Paperback,208,1997,1967,,2024/02/17,,,read,,,,1,0
54467051,"The Unbroken (Magic of the Lost, #1)",C.L. Clark,"Clark, C.L.",,"=""""","=""""",0,3.82,Orbit,Paperback,464,2021,2021,,2024/02/17,to-read,to-read (#159),to-read,,,,0,0
59558627,"The Lotus Empire (The Burning Kingdoms, #3)",Tasha Suri,"Suri, Tasha",,"=""0356515672""","=""9780356515670""",0,4.39,Orbit,Paperback,0,2024,2024,,2024/02/17,to-read,to-read (#158),to-read,,,,0,0
56060535,The Last Time We Met,Maggie  Brown,"Brown, Maggie",Leni Hanson,"=""1642471917""","=""9781642471915""",0,4.13,Bella Books,Paperback,280,2021,2021,,2024/02/07,to-read,to-read (#157),to-read,,,,0,0
57372484,"The Secrets We Keep (Libellule's, #1)",Donna Jay,"Jay, Donna",,"=""""","=""""",0,4.17,self-published,ebook,392,2021,,,2024/02/07,to-read,to-read (#156),to-read,,,,0,0
5297,The Picture of Dorian Gray,Oscar Wilde,"Wilde, Oscar",Jeffrey Eugenides,"=""""","=""""",0,4.13,Random House: Modern Library,Paperback,272,2004,1890,,2024/02/07,to-read,to-read (#155),to-read,,,,0,0
54304189,Sweet & Bitter Magic,Adrienne Tooley,"Tooley, Adrienne",,"=""1534453857""","=""9781534453852""",0,3.70,Margaret K. McElderry Books,Hardcover,368,2021,2021,,2024/02/07,to-read,to-read (#154),to-read,,,,0,0
139569,Stone Butch Blues,Leslie Feinberg,"Feinberg, Leslie",,"=""1555838537""","=""9781555838539""",0,4.50,Alyson Books,Hardcover,308,2003,1993,,2024/02/07,to-read,to-read (#153),to-read,,,,0,0
3103,Maurice,E.M. Forster,"Forster, E.M.",,"=""0393310329""","=""9780393310320""",0,4.08,W. W. Norton  Company,Paperback,256,2005,1971,,2024/02/07,to-read,to-read (#152),to-read,,,,0,0
1627,Brokeback Mountain,Annie Proulx,"Proulx, Annie",,"=""0743271327""","=""9780743271325""",0,4.00,Scribner,Paperback,55,2005,1997,,2024/02/07,to-read,to-read (#151),to-read,,,,0,0
128029,A Thousand Splendid Suns,Khaled Hosseini,"Hosseini, Khaled",,"=""1594489505""","=""9781594489501""",0,4.44,Riverhead Books,Hardcover,372,2007,2007,,2024/02/07,,,read,,,,1,0
4934,The Brothers Karamazov,Fyodor Dostoevsky,"Dostoevsky, Fyodor","Richard Pevear, Larissa Volokhonsky, Borut Kraševec, Ива Николова","=""""","=""""",0,4.37,"Farrar, Straus and Giroux",Paperback,796,2002,1880,,2023/12/28,to-read,to-read (#150),to-read,,,,0,0
7144,Crime and Punishment,Fyodor Dostoevsky,"Dostoevsky, Fyodor","David McDuff, Joseph Frank","=""""","=""""",0,4.27,Penguin,Paperback,671,2002,1866,,2023/12/28,to-read,to-read (#149),to-read,,,,0,0
201889,City of Illusions,Ursula K. Le Guin,"Guin, Ursula K. Le",,"=""""","=""""",0,3.93,Ace Books,Mass Market Paperback,160,1967,1967,,2023/12/27,to-read,to-read (#148),to-read,,,,0,0
92610,Rocannon's World,Ursula K. Le Guin,"Guin, Ursula K. Le",,"=""0441732968""","=""9780441732968""",0,3.78,Ace,Mass Market Paperback,258,1966,1966,,2023/12/27,to-read,to-read (#147),to-read,,,,0,0
18423,The Left Hand of Darkness,Ursula K. Le Guin,"Guin, Ursula K. Le",,"=""""","=""""",0,4.10,Ace,Paperback,304,2000,1969,,2023/12/26,to-read,to-read (#146),to-read,,,,0,0
54102733,Killers of the Flower Moon: The Osage Murders and the Birth of the FBI,David Grann,"Grann, David",,"=""""","=""""",0,4.14,Vintage,Kindle Edition,347,2017,2017,,2023/08/04,to-read,to-read (#145),to-read,,,,0,0
29868354,Shaken to the Core,Jae,"Jae, Jae",,"=""395533662X""","=""9783955336622""",0,4.31,Ylva Publishing,Paperback,386,2016,2016,2023/12/27,2023/08/11,,,read,,,,1,0
18690811,Kicker's Journey,Lois Cloarec Hart,"Hart, Lois Cloarec",,"=""3955330605""","=""9783955330606""",0,4.16,Ylva Publishing,Paperback,490,2013,2009,,2023/12/26,to-read,to-read (#144),to-read,,,,0,0
50736031,Breasts and Eggs,Mieko Kawakami,"Kawakami, Mieko","Sam Bett, David  Boyd","=""1609455878""","=""9781609455873""",0,3.86,Europa Editions,Hardcover,430,2020,2012,,2023/12/19,to-read,to-read (#143),to-read,,,,0,0
587151,Galveston 1900: Swept Away,Linda Crist,"Crist, Linda",,"=""1932300449""","=""9781932300444""",0,4.35,Regal Crest Enterprises - Yellow Rose Books,Paperback,416,2005,2005,,2023/12/19,to-read,to-read (#142),to-read,,,,0,0
17225311,Tampa,Alissa Nutting,"Nutting, Alissa",,"=""0062280562""","=""9780062280565""",0,3.37,Ecco,Paperback,272,2013,2013,,2023/12/03,to-read,to-read (#141),to-read,,,,0,0
198637902,The Color Purple (Movie Tie-In),Alice Walker,"Walker, Alice",,"=""0593512359""","=""9780593512357""",0,4.27,Penguin Books,Paperback,304,2023,1982,,2023/11/21,to-read,to-read (#140),to-read,,,,0,0
41556003,Severance,Ling  Ma,"Ma, Ling",,"=""1250214998""","=""9781250214997""",0,3.91,Picador,Paperback,291,2019,2018,,2023/11/21,to-read,to-read (#139),to-read,,,,0,0
23444482,"The Traitor Baru Cormorant (The Masquerade, #1)",Seth Dickinson,"Dickinson, Seth",,"=""0765380722""","=""9780765380722""",0,4.05,Tor Books / Tom Doherty Associates ,Hardcover,399,2015,2015,,2023/11/19,to-read,to-read (#138),to-read,,,,0,0
51530580,"Malice (Malice Duology, #1)",Heather   Walter,"Walter, Heather",,"=""1984818651""","=""9781984818652""",0,3.95,Del Rey,Hardcover,470,2021,2021,,2023/11/19,to-read,to-read (#137),to-read,,,,0,0
22733729,"The Long Way to a Small, Angry Planet (Wayfarers, #1)",Becky  Chambers,"Chambers, Becky",,"=""1500453307""","=""9781500453305""",0,4.18,CreateSpace Independent Publishing Platform ,Paperback,518,2014,2014,,2023/11/19,to-read,to-read (#136),to-read,,,,0,0
7864437,"The Death Cure (The Maze Runner, #3)",James Dashner,"Dashner, James",,"=""0385738773""","=""9780385738774""",0,3.78,Delacorte Books for Young Readers,Hardcover,325,2011,2011,,2023/11/19,,,read,,,,1,0
7631105,"The Scorch Trials (The Maze Runner, #2)",James Dashner,"Dashner, James",,"=""0385738757""","=""9780385738750""",0,3.90,Delacorte Press,Hardcover,362,2010,2010,,2023/11/19,,,read,,,,1,0
6186357,"The Maze Runner (The Maze Runner, #1)",James Dashner,"Dashner, James",,"=""0385737947""","=""9780385737944""",0,4.05,Delacorte Press,Hardcover,384,2009,2009,,2023/11/19,,,read,,,,1,0
18710190,"Allegiant (Divergent, #3)",Veronica Roth,"Roth, Veronica",,"=""0007524277""","=""9780007524273""",0,3.60,HarperCollins Children's Book's,Hardcover,531,2013,2013,,2023/11/19,,,read,,,,1,0
51901147,"The Ballad of Songbirds and Snakes (The Hunger Games, #0)",Suzanne Collins,"Collins, Suzanne",,"=""""","=""""",0,3.96,Scholastic Press,Kindle Edition,541,2020,2020,,2023/11/19,to-read,to-read (#135),to-read,,,,0,0
5966335,I Can't Think Straight,Shamim Sarif,"Sarif, Shamim",,"=""0956031617""","=""9780956031617""",0,4.14,Enlightenment Productions,Paperback,216,2008,2008,,2023/11/18,to-read,to-read (#134),to-read,,,,0,0
6472451,Ash,Malinda Lo,"Lo, Malinda",,"=""0316040096""","=""9780316040099""",0,3.63,"Little, Brown Books for Young Readers",Hardcover,264,2009,2009,,2023/11/18,to-read,to-read (#133),to-read,,,,0,0
8913370,Fingersmith,Sarah Waters,"Waters, Sarah",,"=""1101057025""","=""9781101057025""",0,4.02,Riverhead Books,ebook,592,2002,2002,,2023/11/18,to-read,to-read (#132),to-read,,,,0,0
62598520,Truly Wanted,J.J. Hale,"Hale, J.J.",,"=""""","=""""",0,4.01,Bold Strokes Books,Kindle Edition,0,2022,2022,,2023/11/18,to-read,to-read (#131),to-read,,,,0,0
58163717,Songs of Irie,Asha Ashanti Bromfield,"Bromfield, Asha Ashanti",,"=""""","=""""",0,4.25,Wednesday Books,Kindle Edition,400,2023,2023,,2023/11/18,to-read,to-read (#130),to-read,,,,0,0
24712341,"Damage Control (The Hollywood Series, #2)",Jae,"Jae, Jae",,"=""""","=""9783955333706""",0,4.31,Ylva Publishing,ebook,347,2015,2015,,2023/11/18,to-read,to-read (#129),to-read,,,,0,0
53446712,"The Oleander Sword (The Burning Kingdoms, #2)",Tasha Suri,"Suri, Tasha",,"=""""","=""""",3,4.34,Orbit,Kindle Edition,512,2022,2022,2023/11/18,2023/10/28,,,read,,,,1,0
251633,The Invincible,Stanisław Lem,"Lem, Stanisław",Wendayne Ackerman,"=""0283979623""","=""9780283979620""",0,4.15,Sidgwick & Jackson (London),Paperback,223,1973,1964,,2023/11/17,to-read,to-read (#128),to-read,,,,0,0
13079982,Fahrenheit 451,Ray Bradbury,"Bradbury, Ray",,"=""""","=""""",0,3.96,Simon & Schuster,Kindle Edition,194,2011,1953,,2023/11/04,to-read,to-read (#127),to-read,,,,0,0
77203,The Kite Runner,Khaled Hosseini,"Hosseini, Khaled",,"=""""","=""""",0,4.34,Riverhead Books,Paperback,371,2004,2003,,2023/11/04,to-read,to-read (#126),to-read,,,,0,0
50523477,"The Jasmine Throne (The Burning Kingdoms, #1)",Tasha Suri,"Suri, Tasha",,"=""0356515648""","=""9780356515649""",0,4.13,Orbit,Paperback,533,2021,2021,2023/11/27,2023/09/05,,,read,,,,1,0
62794,Confessions of a Mask,Yukio Mishima,"Mishima, Yukio",Meredith Weatherby,"=""0720610311""","=""9780720610314""",0,3.95,Peter Owen,Paperback,224,1998,1949,,2023/10/27,to-read,to-read (#125),to-read,,,,0,0
11395597,Why Be Happy When You Could Be Normal?,Jeanette Winterson,"Winterson, Jeanette",,"=""0307401243""","=""9780307401243""",0,4.00,Knopf Canada,Hardcover,230,2012,2011,,2023/10/27,to-read,to-read (#124),to-read,,,,0,0
54440543,"The Final Strife (Ending Fire, #1)",Saara El-Arifi,"El-Arifi, Saara",,"=""""","=""""",0,4.22,Del Rey,Hardcover,640,2022,2022,,2023/10/25,to-read,to-read (#123),to-read,,,,0,0
77507,"Red Mars (Mars Trilogy, #1)",Kim Stanley Robinson,"Robinson, Kim Stanley",,"=""0553560735""","=""9780553560732""",0,3.86,Spectra Books,Mass Market Paperback,572,1993,1992,,2023/10/20,to-read,to-read (#122),to-read,,,,0,0
36236125,Invisible Monsters,Chuck Palahniuk,"Palahniuk, Chuck",,"=""0393355950""","=""9780393355956""",0,4.00,W. W. Norton & Company,Paperback,304,2018,1999,,2023/10/20,to-read,to-read (#121),to-read,,,,0,0
2429135,"The Girl with the Dragon Tattoo (Millennium, #1)",Stieg Larsson,"Larsson, Stieg",Reg Keeland,"=""0670069019""","=""9780670069019""",0,4.17,Viking Canada,Hardcover,480,2008,2005,,2023/08/01,to-read,to-read (#27),to-read,,,,0,0
36236124,Fight Club,Chuck Palahniuk,"Palahniuk, Chuck",,"=""0393355942""","=""9780393355949""",0,4.19,W. W. Norton & Company,Paperback,224,2018,1996,,2023/09/29,to-read,to-read (#120),to-read,,,,0,0
41817486,A Clockwork Orange,Anthony Burgess,"Burgess, Anthony",,"=""0393341763""","=""9780393341768""",0,4.00,W. W. Norton & Company,Paperback,240,2019,1962,,2023/09/29,to-read,to-read (#119),to-read,,,,0,0
228665,"The Eye of the World (The Wheel of Time, #1)",Robert Jordan,"Jordan, Robert",,"=""0812511816""","=""9780812511819""",0,4.19,Tor Books,Mass Market Paperback,800,1990,1990,,2023/09/29,to-read,to-read (#118),to-read,,,,0,0
42036538,"Gideon the Ninth (The Locked Tomb, #1)",Tamsyn Muir,"Muir, Tamsyn",,"=""1250313198""","=""9781250313195""",0,4.21,Tor,Hardcover,448,2019,2019,,2023/09/26,to-read,to-read (#117),to-read,,,,0,0
50202953,Piranesi,Susanna Clarke,"Clarke, Susanna",,"=""163557563X""","=""9781635575637""",0,4.23,Bloomsbury,Hardcover,272,2020,2020,,2023/09/26,to-read,to-read (#116),to-read,,,,0,0
89717,The Haunting of Hill House,Shirley Jackson,"Jackson, Shirley",,"=""0143039989""","=""9780143039983""",0,3.82,Penguin Classics,Paperback,182,2006,1959,,2023/09/26,to-read,to-read (#115),to-read,,,,0,0
66479,"Starfish (Rifters, #1)",Peter Watts,"Watts, Peter",,"=""0812575857""","=""9780812575859""",0,3.95,Tor Science Fiction,Paperback,384,2000,1999,,2023/09/06,to-read,to-read (#114),to-read,,,,0,0
164154,"A Canticle for Leibowitz (St. Leibowitz, #1)",Walter M. Miller Jr.,"Jr., Walter M. Miller",Mary Doria Russell,"=""0060892994""","=""9780060892999""",0,3.98,HarperCollins EOS,Paperback,334,2006,1959,,2023/09/06,to-read,to-read (#113),to-read,,,,0,0
37794149,"A Memory Called Empire (Teixcalaan, #1)",Arkady Martine,"Martine, Arkady",,"=""1529001587""","=""9781529001587""",0,4.12,Tor,Paperback,448,2019,2019,,2023/09/05,to-read,to-read (#112),to-read,,,,0,0
22878967,"The Shadow of What Was Lost (The Licanius Trilogy, #1)",James  Islington,"Islington, James",,"=""099258020X""","=""9780992580209""",0,4.14,Aslaradis Publishing,Paperback,602,2014,2014,,2023/09/05,to-read,to-read (#111),to-read,,,,0,0
50706646,"The Bone Shard Daughter (The Drowning Empire, #1)",Andrea Stewart,"Stewart, Andrea",,"=""0316541427""","=""9780316541428""",0,4.00,Orbit,Hardcover,435,2020,2020,,2023/09/05,to-read,to-read (#110),to-read,,,,0,0
21611,"The Forever War (The Forever War, #1)",Joe Haldeman,"Haldeman, Joe",,"=""""","=""""",0,4.14,Voyager,Paperback,278,2003,1974,,2023/09/05,to-read,to-read (#109),to-read,,,,0,0
13435623,"Operation Trinity (The 39 Clues: The Cahill Files, #1)",Clifford Riley,"Riley, Clifford",,"=""0545431433""","=""9780545431439""",0,4.13,Scholastic Inc.,Hardcover,142,2012,2012,,2023/09/04,,,read,,,,1,0
11,"The Hitchhiker’s Guide to the Galaxy (Hitchhiker's Guide to the Galaxy, #1)",Douglas Adams,"Adams, Douglas",,"=""""","=""""",0,4.23,Del Rey Books,Mass Market Paperback,216,2005,1979,,2023/09/04,to-read,to-read (#108),to-read,,,,0,0
29579,"Foundation (Foundation, #1)",Isaac Asimov,"Asimov, Isaac",,"=""0553803719""","=""9780553803716""",0,4.17,Bantam,Hardcover,244,2004,1951,,2023/09/04,to-read,to-read (#107),to-read,,,,0,0
17061,Coraline,Neil Gaiman,"Gaiman, Neil",Dave McKean,"=""0061139378""","=""9780061139376""",0,4.12,William Morrow Paperbacks,Paperback,176,2006,2002,,2023/09/04,to-read,to-read (#106),to-read,,,,0,0
9460487,"Miss Peregrine's Home for Peculiar Children (Miss Peregrine's Peculiar Children, #1)",Ransom Riggs,"Riggs, Ransom",,"=""""","=""""",0,3.92,Quirk,Hardcover,352,2011,2011,,2023/09/04,,,read,,,,1,0
7243142,"Keys to the Demon Prison (Fablehaven, #5)",Brandon Mull,"Mull, Brandon",,"=""1606412388""","=""9781606412381""",0,4.45,Shadow Mountain,Hardcover,593,2010,2010,,2023/09/04,,,read,,,,1,0
5217282,"Secrets of the Dragon Sanctuary (Fablehaven, #4)",Brandon Mull,"Mull, Brandon",,"=""1606410423""","=""9781606410424""",0,4.39,Shadow Mountain,Hardcover,535,2009,2009,,2023/09/04,,,read,,,,1,0
2146957,"Grip of the Shadow Plague (Fablehaven, #3)",Brandon Mull,"Mull, Brandon",Brandon Dorman,"=""1590388984""","=""9781590388983""",0,4.30,Shadow Mountain,Hardcover,477,2008,2008,,2023/09/04,,,read,,,,1,0
1582996,"City of Ashes (The Mortal Instruments, #2)",Cassandra Clare,"Clare, Cassandra",,"=""1416914293""","=""9781416914297""",0,4.11,Margaret K. McElderry Books,Hardcover,453,2008,2008,,2023/09/04,,,read,,,,1,0
256683,"City of Bones (The Mortal Instruments, #1)",Cassandra Clare,"Clare, Cassandra",,"=""1416914285""","=""9781416914280""",0,4.07,Margaret K. McElderry Books,Hardcover,485,2007,2007,,2023/09/04,,,read,,,,1,0
10551947,"The Outcasts (Brotherband Chronicles, #1)",John Flanagan,"Flanagan, John",,"=""0399256199""","=""9780399256196""",0,4.38,Philomel Books,Hardcover,434,2011,2011,,2023/09/04,,,read,,,,1,0
18635016,"The One (The Selection, #3)",Kiera Cass,"Cass, Kiera",,"=""0062059998""","=""9780062059994""",0,4.15,HarperTeen,Hardcover,323,2014,2014,,2023/09/04,,,read,,,,1,0
16248068,"The Elite (The Selection, #2)",Kiera Cass,"Cass, Kiera",,"=""0062059963""","=""9780062059963""",0,3.95,HarperTeen,Hardcover,336,2013,2013,,2023/09/04,,,read,,,,1,0
10507293,"The Selection (The Selection, #1)",Kiera Cass,"Cass, Kiera",,"=""0062059939""","=""9780062059932""",3,4.08,HarperTeen,Hardcover,336,2012,2012,,2018/06/15,,,read,,,,1,0
7664041,"Inheritance (The Inheritance Cycle, #4)",Christopher Paolini,"Paolini, Christopher",,"=""0375856110""","=""9780375856112""",0,4.15,Alfred A. Knopf,Hardcover,849,2011,2011,,2023/09/04,,,read,,,,1,0
2248573,"Brisingr (The Inheritance Cycle, #3)",Christopher Paolini,"Paolini, Christopher",,"=""0375826726""","=""9780375826726""",0,4.10,Alfred A. Knopf,Hardcover,748,2008,2008,,2023/09/04,,,read,,,,1,0
45978,"Eldest (The Inheritance Cycle, #2)",Christopher Paolini,"Paolini, Christopher",,"=""0375840400""","=""9780375840401""",0,4.04,Knopf Books for Young Readers,Paperback,704,2007,2005,,2023/09/04,,,read,,,,1,0
40275288,"The Priory of the Orange Tree (The Roots of Chaos, #1)",Samantha    Shannon,"Shannon, Samantha",,"=""1408883457""","=""9781408883457""",3,4.19,Bloomsbury Publishing,ebook,848,2019,2019,2023/09/27,2023/08/08,,,read,,,,1,0
836746,A Grain of Wheat,Ngũgĩ wa Thiong'o,"Thiong'o, Ngũgĩ wa",,"=""0435909878""","=""9780435909871""",0,3.88,Heinemann,Paperback,247,1994,1967,,2023/08/31,to-read,to-read (#105),to-read,,,,0,0
57485,Wizard of the Crow,Ngũgĩ wa Thiong'o,"Thiong'o, Ngũgĩ wa",,"=""037542248X""","=""9780375422485""",0,4.22,Pantheon,Hardcover,768,2006,2004,,2023/08/31,to-read,to-read (#104),to-read,,,,0,0
60766189,"A Day of Fallen Night (The Roots of Chaos, #0)",Samantha    Shannon,"Shannon, Samantha",,"=""1635577926""","=""9781635577921""",0,4.37,Bloomsbury Publishing,Hardcover,868,2023,2023,,2023/08/28,to-read,to-read (#103),to-read,,,,0,0
18739810,The Women in the Dunes,Kōbō Abe,"Abe, Kōbō",,"=""""","=""""",0,3.89,Vintage Books,Paperback,239,1964,1962,,2023/08/27,to-read,to-read (#102),to-read,,,,0,0
5204,We Were the Mulvaneys,Joyce Carol Oates,"Oates, Joyce Carol",,"=""0452282829""","=""9780452282827""",0,3.75,Plume,Paperback,454,1997,1996,,2023/08/22,to-read,to-read (#101),to-read,,,,0,0
40873920,The Lost City of the Monkey God,Douglas Preston,"Preston, Douglas",,"=""""","=""""",0,3.93,Grand Central Publishing,Kindle Edition,326,2017,2017,,2023/08/21,to-read,to-read (#100),to-read,,,,0,0
4671,The Great Gatsby,F. Scott Fitzgerald,"Fitzgerald, F. Scott",,"=""""","=""""",0,3.93,Scribner,Paperback,180,1925,1925,,2023/08/20,to-read,to-read (#99),to-read,,,,0,0
61322622,The Secrets of Hartwood Hall,Katie Lumsden,"Lumsden, Katie",,"=""0593186923""","=""9780593186923""",0,3.67,Dutton,Hardcover,339,2023,2023,,2023/08/17,to-read,to-read (#98),to-read,,,,0,0
61812308,Small Mercies,Dennis Lehane,"Lehane, Dennis",,"=""0062129481""","=""9780062129482""",0,4.30,Harper,Hardcover,303,2023,2023,,2023/08/17,to-read,to-read (#97),to-read,,,,0,0
41160292,Exhalation,Ted Chiang,"Chiang, Ted",,"=""""","=""""",0,4.28,Knopf,Kindle Edition,368,2019,2019,,2023/08/15,to-read,to-read (#96),to-read,,,,0,0
179780,The Exorcist,William Peter Blatty,"Blatty, William Peter",,"=""""","=""""",0,4.20,HarperTorch,Mass Market Paperback,385,1994,1971,,2023/08/15,to-read,to-read (#95),to-read,,,,0,0
56269269,This Thing Between Us,Gus Moreno,"Moreno, Gus",,"=""0374539235""","=""9780374539238""",0,3.74,FSG Adult,Paperback,272,2021,2021,,2023/08/15,to-read,to-read (#94),to-read,,,,0,0
24728470,M Train,Patti Smith,"Smith, Patti",,"=""1101875100""","=""9781101875100""",0,4.02,Knopf,Hardcover,256,2015,2015,,2023/08/14,to-read,to-read (#93),to-read,,,,0,0
6867,Atonement,Ian McEwan,"McEwan, Ian",,"=""038572179X""","=""9780385721790""",0,3.94,Anchor Books,Paperback,351,2003,2001,,2023/08/14,to-read,to-read (#92),to-read,,,,0,0
5107,The Catcher in the Rye,J.D. Salinger,"Salinger, J.D.",,"=""0316769177""","=""9780316769174""",0,3.80,Back Bay Books,Paperback,277,2001,1951,,2023/08/14,to-read,to-read (#91),to-read,,,,0,0
4214,Life of Pi,Yann Martel,"Martel, Yann",,"=""0770430074""","=""9780770430078""",0,3.94,Seal Books,Paperback,460,2006,2001,,2023/08/14,to-read,to-read (#90),to-read,,,,0,0
8855321,"Leviathan Wakes (The Expanse, #1)",James S.A. Corey,"Corey, James S.A.",,"=""1841499889""","=""9781841499888""",0,4.31,Orbit,Paperback,592,2011,2011,,2023/08/14,to-read,to-read (#89),to-read,,,,0,0
375802,"Ender’s Game (Ender's Saga, #1)",Orson Scott Card,"Card, Orson Scott",,"=""0812550706""","=""9780812550702""",0,4.31,Tor,Mass Market Paperback,324,2004,1985,,2023/08/14,,,read,,,,1,0
15823480,Anna Karenina,Leo Tolstoy,"Tolstoy, Leo","Aylmer Maude, Louise Maude, Dieter Wellershoff, Bruno Goetz, Lev Tolstoj, Léon Tolstoï","=""""","=""""",0,4.09,Vintage,Paperback,964,2012,1878,,2023/08/13,to-read,to-read (#88),to-read,,,,0,0
656,War and Peace,Leo Tolstoy,"Tolstoy, Leo","Aylmer Maude, Louise Maude","=""""","=""""",0,4.16,Oxford University Press,Paperback,1392,1998,1869,,2023/08/13,to-read,to-read (#87),to-read,,,,0,0
59576064,All This Could Be Different,Sarah Thankam Mathews,"Mathews, Sarah Thankam",,"=""0593489128""","=""9780593489123""",0,3.85,Viking,Hardcover,320,2022,2022,,2023/08/12,to-read,to-read (#86),to-read,,,,0,0
41662515,Breaking Character,Lee  Winter,"Winter, Lee",,"=""3963241136""","=""9783963241130""",0,4.38,Ylva Publishing,Paperback,334,2018,2018,,2023/08/12,to-read,to-read (#85),to-read,,,,0,0
30069169,Requiem for Immortals,Lee  Winter,"Winter, Lee",,"=""3955337103""","=""9783955337100""",0,4.23,Ylva Publishing,Paperback,284,2016,2016,,2023/08/12,to-read,to-read (#84),to-read,,,,0,0
40531645,Waking the Dreamer,K. Aten,"Aten, K.",,"=""1619293838""","=""9781619293830""",0,4.13,Regal Crest Enterprises,Kindle Edition,191,2018,2018,,2023/08/12,to-read,to-read (#83),to-read,,,,0,0
23258876,Soul Unique,Gun Brooke,"Brooke, Gun",,"=""1626393583""","=""9781626393585""",0,4.31,Bold Strokes Books,Paperback,264,2015,2015,,2023/08/12,to-read,to-read (#82),to-read,,,,0,0
52258,"The Price of Salt, or Carol",Patricia Highsmith,"Highsmith, Patricia",Claire  Morgan,"=""0393325997""","=""9780393325997""",0,4.02,W.W. Norton & Company,Paperback,292,2004,1952,,2023/08/12,to-read,to-read (#81),to-read,,,,0,0
28695765,Coils,Barbara Ann Wright,"Wright, Barbara Ann",,"=""1626395985""","=""9781626395985""",0,3.90,Bold Strokes Books,Paperback,312,2016,2016,,2023/08/12,to-read,to-read (#80),to-read,,,,0,0
37510662,Foe,Iain Reid,"Reid, Iain",,"=""150112742X""","=""9781501127427""",3,3.71,Gallery/Scout Press,Hardcover,261,2018,2018,2023/08/27,2023/07/26,,,read,,,,1,0
25499718,"Children of Time (Children of Time, #1)",Adrian Tchaikovsky,"Tchaikovsky, Adrian",,"=""1447273281""","=""9781447273288""",0,4.30,PanMacmillan,Hardcover,608,2015,2015,,2023/08/12,to-read,to-read (#79),to-read,,,,0,0
32758901,"All Systems Red (The Murderbot Diaries, #1)",Martha Wells,"Wells, Martha",,"=""""","=""""",0,4.15,Tor.com,ebook,144,2017,2017,,2023/08/12,to-read,to-read (#78),to-read,,,,0,0
40121985,How to Hide an Empire: A History of the Greater United States,Daniel Immerwahr,"Immerwahr, Daniel",,"=""0374172145""","=""9780374172145""",0,4.46,"Farrar, Straus and Giroux",Hardcover,513,2019,2019,,2023/08/11,to-read,to-read (#77),to-read,,,,0,0
7988467,"We, the Drowned",Carsten Jensen,"Jensen, Carsten","Charlotte Barslund, Emma Ryder","=""0151013772""","=""9780151013777""",0,4.24,Houghton Mifflin Harcourt,Hardcover,678,2011,2006,,2023/08/11,to-read,to-read (#76),to-read,,,,0,0
90619,"Little, Big",John Crowley,"Crowley, John",,"=""0061120057""","=""9780061120053""",0,3.81,Harper Collins Publishers,Paperback,538,2006,1981,,2023/08/11,to-read,to-read (#75),to-read,,,,0,0
13624,The Worm Ouroboros,E.R. Eddison,"Eddison, E.R.",Keith   Henderson,"=""0486447405""","=""9780486447407""",0,3.70,Dover Publications,Paperback,446,2006,1922,,2023/08/11,to-read,to-read (#74),to-read,,,,0,0
700919,Signal to Noise,Eric S. Nylund,"Nylund, Eric S.",,"=""0380792923""","=""9780380792924""",0,4.07,Harper Voyager,Mass Market Paperback,371,1999,1998,,2023/08/11,to-read,to-read (#73),to-read,,,,0,0
15196,"Maus I: A Survivor's Tale: My Father Bleeds History (Maus, #1)",Art Spiegelman,"Spiegelman, Art",,"=""0394541553""","=""9780394541556""",0,4.38,Pantheon Books,Hardcover,159,1991,1986,,2023/08/11,,,read,,,,1,0
9516,"Persepolis: The Story of a Childhood (Persepolis, #1)",Marjane Satrapi,"Satrapi, Marjane",Mattias Ripa,"=""037571457X""","=""9780375714573""",0,4.26,Pantheon,Paperback,153,2004,2003,,2023/08/11,to-read,to-read (#72),to-read,,,,0,0
59808269,Mistakes Were Made,Meryl Wilsner,"Wilsner, Meryl",,"=""1250841003""","=""9781250841001""",0,3.95,Griffin,Paperback,352,2022,2022,,2023/08/11,to-read,to-read (#71),to-read,,,,0,0
35412372,Freshwater,Akwaeke Emezi,"Emezi, Akwaeke",,"=""0802127355""","=""9780802127358""",0,4.02,Grove Press,Hardcover,229,2018,2018,,2023/08/11,to-read,to-read (#70),to-read,,,,0,0
59336625,All the Lovers in the Night,Mieko Kawakami,"Kawakami, Mieko","Sam Bett, David  Boyd","=""1609456998""","=""9781609456993""",0,3.72,Europa Editions,Hardcover,224,2022,2011,,2023/08/09,to-read,to-read (#69),to-read,,,,0,0
223380,Stories of Your Life and Others,Ted Chiang,"Chiang, Ted",,"=""0330426648""","=""9780330426640""",0,4.26,Small Beer Press,ebook,281,2010,2002,,2023/08/08,to-read,to-read (#68),to-read,,,,0,0
5312123,"The Warrior's Path (When Women Were Warriors, #1)",Catherine M. Wilson,"Wilson, Catherine M.",,"=""0981563619""","=""9780981563619""",0,4.04,Shield Maiden Press,Paperback,272,2008,2008,,2023/08/08,to-read,to-read (#67),to-read,,,,0,0
61884779,The Salt Grows Heavy,Cassandra Khaw,"Khaw, Cassandra",,"=""1250830915""","=""9781250830913""",0,3.60,Tor Nightfire,Hardcover,106,2023,2023,,2023/08/08,to-read,to-read (#66),to-read,,,,0,0
61884840,The Sea Elephants,Shastri Akella,"Akella, Shastri",,"=""1250867053""","=""9781250867056""",0,3.79,Flatiron Books,Hardcover,384,2023,2023,,2023/08/07,to-read,to-read (#65),to-read,,,,0,0
55711706,Everyone in This Room Will Someday Be Dead,Emily R. Austin,"Austin, Emily R.",,"=""1982167351""","=""9781982167356""",0,3.86,Atria Books,Hardcover,256,2021,2021,,2023/08/07,to-read,to-read (#64),to-read,,,,0,0
50269327,Earthlings,Sayaka Murata,"Murata, Sayaka",Ginny Tapley Takemori,"=""1783785675""","=""9781783785674""",0,3.60,Granta Books,Hardcover,247,2020,2018,,2023/08/07,to-read,to-read (#63),to-read,,,,0,0
38357895,Convenience Store Woman,Sayaka Murata,"Murata, Sayaka",Ginny Tapley Takemori,"=""""","=""""",0,3.69,Portobello Books,Paperback,163,2018,2016,,2023/08/07,to-read,to-read (#62),to-read,,,,0,0
58523626,Y/N,Esther Yi,"Yi, Esther",,"=""1662601549""","=""9781662601545""",0,2.96,Astra House,Kindle Edition,204,2023,2023,,2023/08/07,to-read,to-read (#61),to-read,,,,0,0
48564330,Betty,Tiffany   McDaniel,"McDaniel, Tiffany",,"=""052565707X""","=""9780525657071""",0,4.41,Knopf,Hardcover,480,2020,2020,,2023/08/07,to-read,to-read (#60),to-read,,,,0,0
40164365,The Friend,Sigrid Nunez,"Nunez, Sigrid",,"=""0735219451""","=""9780735219458""",0,3.77,Riverhead Books,Paperback,212,2019,2018,,2023/08/07,to-read,to-read (#59),to-read,,,,0,0
386162,"The Hitchhiker’s Guide to the Galaxy (The Hitchhiker's Guide to the Galaxy, #1)",Douglas Adams,"Adams, Douglas",,"=""""","=""""",0,4.23,Del Rey,Paperback,193,2007,1979,,2023/08/07,to-read,to-read (#58),to-read,,,,0,0
59924,The Lathe of Heaven,Ursula K. Le Guin,"Guin, Ursula K. Le",,"=""0060512741""","=""9780060512743""",0,4.12,Harper Perennial Modern Classics,Paperback,176,2003,1971,,2023/08/07,to-read,to-read (#57),to-read,,,,0,0
89187,"Revelation Space (Revelation Space, #1)",Alastair Reynolds,"Reynolds, Alastair",,"=""0441009425""","=""9780441009428""",0,3.99,Ace Books,Mass Market Paperback,585,2002,2000,,2023/08/07,to-read,to-read (#56),to-read,,,,0,0
77566,"Hyperion (Hyperion Cantos, #1)",Dan Simmons,"Simmons, Dan",,"=""0553283685""","=""9780553283686""",0,4.27,Bantam Doubleday Dell Publishing Group,Mass Market Paperback,500,1990,1989,,2023/08/07,to-read,to-read (#55),to-read,,,,0,0
7150174,"The Strange Case of Origami Yoda (Origami Yoda, #1)",Tom Angleberger,"Angleberger, Tom",,"=""0810984253""","=""9780810984257""",0,3.91,Amulet Books,Hardcover,141,2010,2010,,2023/08/07,,,read,,,,1,0
113436,"Eragon (The Inheritance Cycle, #1)",Christopher Paolini,"Paolini, Christopher",,"=""0375826696""","=""9780375826696""",0,3.95,Alfred A. Knopf,Paperback,503,2005,2002,,2023/08/07,,,read,,,,1,0
61294937,"The Adventures of Amina al-Sirafi (Amina al-Sirafi, #1)",Shannon Chakraborty,"Chakraborty, Shannon",,"=""""","=""""",0,4.28,Harper Voyager,Hardcover,483,2023,2023,,2023/08/07,to-read,to-read (#54),to-read,,,,0,0
762476,Kokoro,Natsume Sōseki,"Sōseki, Natsume",Edwin McClellan,"=""0809260956""","=""9780895267153""",0,4.04,Gateway Editions,Paperback,248,1996,1914,,2023/08/07,to-read,to-read (#53),to-read,,,,0,0
1885,Pride and Prejudice,Jane Austen,"Austen, Jane",Anna Quindlen,"=""""","=""""",0,4.29,Modern Library,Paperback,279,2000,1813,,2023/08/07,to-read,to-read (#52),to-read,,,,0,0
2657,To Kill a Mockingbird,Harper Lee,"Lee, Harper",,"=""""","=""""",0,4.26,Harper Perennial Modern Classics ,Paperback,323,2006,1960,,2023/08/07,,,read,,,,1,0
44767458,"Dune (Dune, #1)",Frank Herbert,"Herbert, Frank",,"=""059309932X""","=""9780593099322""",4,4.27,Ace,Hardcover,658,2019,1965,,2020/03/10,,,read,,,,1,0
52397,"Parable of the Sower (Earthseed, #1)",Octavia E. Butler,"Butler, Octavia E.",,"=""0446675504""","=""9780446675505""",0,4.21,Grand Central Publishing,Paperback,345,2000,1993,,2023/08/07,to-read,to-read (#51),to-read,,,,0,0
32187419,Conversations with Friends,Sally Rooney,"Rooney, Sally",,"=""0451499077""","=""""",0,3.76,Hogarth,Kindle Edition,304,2017,2017,,2023/08/07,to-read,to-read (#50),to-read,,,,0,0
53317528,"Childhood / Youth / Dependency (The Copenhagen Trilogy, #1-3)",Tove Ditlevsen,"Ditlevsen, Tove","Tiina Nunnally, Michael Favala Goldman","=""0374602395""","=""9780374602390""",0,4.37,"Farrar, Straus and Giroux",Hardcover,371,2021,1967,,2023/08/07,to-read,to-read (#49),to-read,,,,0,0
60931,Kindred,Octavia E. Butler,"Butler, Octavia E.",,"=""0807083690""","=""9780807083697""",0,4.30,Beacon Press,Paperback,288,2004,1979,,2023/08/07,to-read,to-read (#48),to-read,,,,0,0
38463,If Beale Street Could Talk,James Baldwin,"Baldwin, James",,"=""0307275930""","=""9780307275936""",0,4.27,Vintage,Paperback,197,2006,1974,,2023/08/07,to-read,to-read (#47),to-read,,,,0,0
52892857,The Color Purple,Alice Walker,"Walker, Alice",,"=""0143135694""","=""9780143135692""",0,4.27,Penguin Books,Paperback,304,2019,1982,,2023/08/07,to-read,to-read (#46),to-read,,,,0,0
11334,Song of Solomon,Toni Morrison,"Morrison, Toni",,"=""140003342X""","=""9781400033423""",0,4.14,Vintage,Paperback,338,2004,1977,,2023/08/07,to-read,to-read (#45),to-read,,,,0,0
11346,Sula,Toni Morrison,"Morrison, Toni",,"=""0452283868""","=""9780452283862""",0,4.03,Plume,Paperback,174,2002,1973,,2023/08/07,to-read,to-read (#44),to-read,,,,0,0
6149,Beloved,Toni Morrison,"Morrison, Toni",,"=""""","=""9781400033416""",0,3.96,Vintage,Paperback,324,2004,1987,,2023/08/07,to-read,to-read (#43),to-read,,,,0,0
11337,The Bluest Eye,Toni Morrison,"Morrison, Toni",,"=""""","=""""",0,4.12,Plume,Paperback,216,2005,1970,,2023/08/07,to-read,to-read (#42),to-read,,,,0,0
7588,A Portrait of the Artist as a Young Man,James Joyce,"Joyce, James","Seamus Deane, Dámaso Alonso, Antoaneta Ralian, Dana Crăciun","=""0142437344""","=""9780142437346""",0,3.64,Penguin Classics,Paperback,329,2003,1916,,2023/08/07,to-read,to-read (#41),to-read,,,,0,0
29584452,The Underground Railroad,Colson Whitehead,"Whitehead, Colson",,"=""""","=""""",0,4.06,Doubleday,Kindle Edition,322,2016,2016,,2023/08/07,to-read,to-read (#40),to-read,,,,0,0
44492285,"Dune Messiah (Dune, #2)",Frank Herbert,"Herbert, Frank",Brian Herbert,"=""0593098234""","=""9780593098233""",4,3.89,Ace,Mass Market Paperback,336,2019,1969,2023/08/06,2023/08/01,"science-fiction, movie-adaptions","science-fiction (#1), movie-adaptions (#1)",read,,,,1,0
320,One Hundred Years of Solitude,Gabriel García Márquez,"Márquez, Gabriel García",Gregory Rabassa,"=""""","=""""",0,4.12,Harper,Mass Market Paperback,417,2003,1967,,2023/08/06,to-read,to-read (#39),to-read,,,,0,0
58372556,Mon Mari,Maud Ventura,"Ventura, Maud",,"=""2378802412""","=""9782378802417""",0,3.68,L'Iconolaste,Paperback,351,2021,2021,,2023/08/06,to-read,to-read (#38),to-read,,,,0,0
29633622,Blood of the Dawn,Claudia Salazar Jiménez,"Jiménez, Claudia Salazar",Claudia Salazar Jiménez,"=""194192042X""","=""9781941920428""",0,3.94,Deep Vellum Publishing,Paperback,120,2016,2013,,2023/08/06,to-read,to-read (#37),to-read,,,,0,0
18465930,Last Words from Montmartre,Qiu Miaojin,"Miaojin, Qiu",Ari Larissa Heinrich,"=""1590177258""","=""9781590177259""",0,3.86,NYRB Classics,Paperback,176,2014,1996,,2023/08/06,to-read,to-read (#36),to-read,,,,0,0
8574333,Please Look After Mom,Shin Kyung-Sook,"Kyung-Sook, Shin",Chi-Young Kim,"=""0307593916""","=""9780307593917""",0,3.90,Knopf,Hardcover,237,2011,2008,,2023/08/06,to-read,to-read (#35),to-read,,,,0,0
33376821,Sweet Bean Paste,Durian Sukegawa,"Sukegawa, Durian",Alison  Watts,"=""1786071959""","=""9781786071958""",0,4.07,Oneworld Publications,Paperback,218,2017,2013,,2023/08/06,to-read,to-read (#34),to-read,,,,0,0
828015,"The Breadwinner (The Breadwinner, #1)",Deborah Ellis,"Ellis, Deborah",,"=""0888994168""","=""9780888994165""",0,4.00,Groundwood Books,Paperback,171,2001,2000,,2023/08/06,to-read,to-read (#33),to-read,,,,0,0
57390604,As Long as the Lemon Trees Grow,Zoulfa Katouh,"Katouh, Zoulfa",,"=""0316351377""","=""9780316351379""",0,4.50,"Little, Brown Books for Young Readers",Hardcover,417,2022,2022,,2023/08/06,to-read,to-read (#32),to-read,,,,0,0
44492286,"Children of Dune (Dune, #3)",Frank Herbert,"Herbert, Frank",,"=""0593098242""","=""9780593098240""",0,3.96,Ace,Paperback,609,2019,1976,,2023/08/05,to-read,to-read (#31),to-read,,,,0,0
61215351,"The Fellowship of the Ring (Middle Earth, #1)",J.R.R. Tolkien,"Tolkien, J.R.R.",,"=""""","=""""",0,4.39,William Morrow,Kindle Edition,432,2022,1954,,2023/08/05,to-read,to-read (#30),to-read,,,,0,0
16299,And Then There Were None,Agatha Christie,"Christie, Agatha",,"=""0312330871""","=""9780312330873""",0,4.28,St. Martin's Griffin,Paperback,264,2004,1939,,2023/08/05,to-read,to-read (#29),to-read,,,,0,0
34497,"The Color of Magic (Discworld, #1; Rincewind, #1)",Terry Pratchett,"Pratchett, Terry",,"=""0060855924""","=""9780060855925""",0,4.00,Harper,Paperback,228,2005,1983,,2023/08/05,to-read,to-read (#28),to-read,,,,0,0
57640287,Passing,Nella Larsen,"Larsen, Nella",Brit Bennett,"=""0593437845""","=""9780593437841""",0,3.93,Signet,Paperback,141,2021,1929,,2023/08/01,to-read,to-read (#26),to-read,,,,0,0
41057294,Normal People,Sally Rooney,"Rooney, Sally",,"=""1984822179""","=""9781984822178""",0,3.81,Crown,Hardcover,273,2019,2018,,2023/08/01,to-read,to-read (#25),to-read,,,,0,0
6088007,"Neuromancer (Sprawl, #1)",William Gibson,"Gibson, William",,"=""""","=""""",0,3.89,Ace,Kindle Edition,268,2007,1984,,2020/03/10,to-read,to-read (#24),to-read,,,,0,0
27833670,Dark Matter,Blake Crouch,"Crouch, Blake",,"=""1101904224""","=""9781101904220""",0,4.14,Ballantine Books,Hardcover,352,2016,2016,,2023/08/01,to-read,to-read (#23),to-read,,,,0,0
8143909,Foster,Claire Keegan,"Keegan, Claire",,"=""0571255655""","=""9780571255658""",0,4.33,Faber & Faber,Paperback,89,2010,2010,,2023/08/01,to-read,to-read (#22),to-read,,,,0,0
58446227,Sea of Tranquility,Emily St. John Mandel,"Mandel, Emily St. John",,"=""0593321448""","=""9780593321447""",0,4.08,Knopf,Hardcover,259,2022,2022,,2023/08/01,to-read,to-read (#21),to-read,,,,0,0
41880609,On Earth We're Briefly Gorgeous,Ocean Vuong,"Vuong, Ocean",,"=""0525562028""","=""9780525562023""",0,4.04,Penguin Press,Hardcover,246,2019,2019,,2023/08/01,currently-reading,currently-reading (#1),currently-reading,,,,1,0
59716,To the Lighthouse,Virginia Woolf,"Woolf, Virginia",Eudora Welty,"=""""","=""""",0,3.80,Harvest Books,Paperback,209,1989,1927,,2023/07/26,to-read,to-read (#20),to-read,,,,0,0
36348525,Severance,Ling  Ma,"Ma, Ling",,"=""0374261598""","=""9780374261597""",0,3.91,"Farrar, Straus and Giroux",Hardcover,291,2018,2018,,2023/07/26,to-read,to-read (#19),to-read,,,,0,0
29022,The Twelve Caesars,Suetonius,"Suetonius, Suetonius","Michael    Grant, Robert Graves","=""0140449213""","=""9780140449211""",0,4.02,Penguin Classics,Paperback,363,2003,121,,2020/03/10,to-read,to-read (#18),to-read,,,,0,0
862639,The Campaigns of Alexander,Arrian,"Arrian, Arrian","Aubrey de Sélincourt, J.R. Hamilton","=""0140442537""","=""9780140442533""",0,4.16,Penguin Classics,Paperback,430,1976,150,,2020/03/10,to-read,to-read (#17),to-read,,,,0,0
68542,"The History of Rome, Books 1-5: The Early History of Rome",Livy,"Livy, Livy","Aubrey de Sélincourt, Robert Maxwell Ogilvie, Stephen P. Oakley","=""0140448098""","=""9780140448092""",0,3.95,Penguin Classics,Paperback,488,2002,-29,,2020/03/10,to-read,to-read (#16),to-read,,,,0,0
261243,History of the Peloponnesian War,Thucydides,"Thucydides, Thucydides","M.I. Finley, Rex Warner","=""0140440399""","=""9780140440393""",0,3.94,Penguin Books,Paperback,648,1972,-411,,2020/03/10,to-read,to-read (#15),to-read,,,,0,0
1362,The Histories,Herodotus,"Herodotus, Herodotus","John M. Marincola, Aubrey de Sélincourt, Betty Radice","=""0140449086""","=""9780140449082""",0,4.01,Penguin Books,Paperback,716,2003,-430,,2020/03/10,to-read,to-read (#14),to-read,,,,0,0
1371,The Iliad,Homer,"Homer, Homer","Robert Fagles, Andrew Lang, Alexander Pope, W.H.D. Rouse, Bernard Knox, William Lucas Collins, G. Chapman, Walter Leaf, Ernest Myers, Gilbert Wakefield, Prentiss Cummings, R. Hooper, Richmond Lattimore, G. Cerri","=""0140275363""","=""9780140275360""",0,3.91,Penguin Classics,Library Binding,704,1999,-800,,2020/03/10,to-read,to-read (#13),to-read,,,,0,0
70535,"2001: A Space Odyssey (Space Odyssey, #1)",Arthur C. Clarke,"Clarke, Arthur C.",,"=""""","=""""",0,4.17,Roc,Paperback,297,2000,1968,,2020/03/10,to-read,to-read (#12),to-read,,,,0,0
1381,The Odyssey,Homer,"Homer, Homer","Robert Fagles, Bernard Knox","=""0143039954""","=""9780143039952""",0,3.81,Penguin Classics ,Paperback,541,2006,-700,,2020/03/10,to-read,to-read (#11),to-read,,,,0,0
24280,Les Misérables,Victor Hugo,"Hugo, Victor","Norman MacAfee, Charles E. Wilbour, Lee Fahnestock, Isabel Florence Hapgood","=""""","=""""",0,4.20,Penguin,Mass Market Paperback,1463,1987,1862,,2020/03/10,to-read,to-read (#10),to-read,,,,0,0
18144590,The Alchemist,Paulo Coelho,"Coelho, Paulo",,"=""0062315005""","=""9780062315007""",0,3.91,HarperOne,Paperback,182,2014,1988,,2020/03/10,to-read,to-read (#9),to-read,,,,0,0
8909,The War of the Worlds,H.G. Wells,"Wells, H.G.",Arthur C. Clarke,"=""0375759239""","=""9780375759239""",0,3.83,Modern Library,Paperback,192,2002,1898,,2020/03/10,to-read,to-read (#8),to-read,,,,0,0
52036,Siddhartha,Hermann Hesse,"Hesse, Hermann","Hilda Rosner, Zigmantas Ardickas","=""""","=""""",0,4.07,Bantam Books,Mass Market Paperback,152,1981,1922,,2020/03/10,to-read,to-read (#7),to-read,,,,0,0
18007564,The Martian,Andy Weir,"Weir, Andy",,"=""0804139024""","=""9780804139021""",0,4.42,Ballantine Books,Hardcover,384,2014,2011,,2020/03/10,to-read,to-read (#6),to-read,,,,0,0
5907,"The Hobbit (The Lord of the Rings, #0)",J.R.R. Tolkien,"Tolkien, J.R.R.","Douglas A. Anderson, Michael Hague, Jemima Catlin","=""""","=""""",0,4.29,Houghton Mifflin,Paperback,366,2002,1937,,2020/03/10,,,read,,,,1,0
49552,The Stranger,Albert Camus,"Camus, Albert",Matthew  Ward,"=""""","=""""",0,4.02,Vintage International,Paperback,123,1989,1942,,2020/03/10,to-read,to-read (#5),to-read,,,,0,0
13125947,"Reached (Matched, #3)",Ally Condie,"Condie, Ally",,"=""0525423664""","=""9780525423669""",0,3.54,Penguin,Hardcover,512,2012,2012,,2020/03/10,,,read,,,,1,0
2547,The Prophet,Kahlil Gibran,"Gibran, Kahlil",,"=""000100039X""","=""9780001000391""",0,4.23,Rupa & Co,Paperback,127,2003,1923,,2020/03/10,to-read,to-read (#4),to-read,,,,0,0
28186,"The Sea of Monsters (Percy Jackson and the Olympians, #2)",Rick Riordan,"Riordan, Rick",,"=""0786856866""","=""9780786856862""",0,4.24,Hyperion Books,Hardcover,279,2006,2006,,2020/03/10,,,read,,,,1,0
9520360,"The Son of Neptune (The Heroes of Olympus, #2)",Rick Riordan,"Riordan, Rick",,"=""1423140591""","=""9781423140597""",0,4.41,Disney-Hyperion Books,Hardcover,521,2011,2011,,2020/03/10,,,read,,,,1,0
7736182,"The Lost Hero (The Heroes of Olympus, #1)",Rick Riordan,"Riordan, Rick",,"=""142311339X""","=""9781423113393""",0,4.30,Disney-Hyperion Books,Hardcover,576,2010,2010,,2020/03/10,,,read,,,,1,0
18342,It,Stephen King,"King, Stephen",,"=""0451169514""","=""9780451169518""",0,4.24,Signet,Mass Market Paperback,1090,2002,1986,,2020/03/10,,,read,,,,1,0
4502507,"The Last Olympian (Percy Jackson and the Olympians, #5)",Rick Riordan,"Riordan, Rick",,"=""0739380338""","=""9780739380338""",0,4.55,,Audio CD,11,2009,2009,,2020/03/10,,,read,,,,1,0
40961427,1984,George Orwell,"Orwell, George",,"=""""","=""""",0,4.19,Houghton Mifflin Harcourt,Kindle Edition,298,2013,1949,,2020/03/10,,,read,,,,1,0
136251,"Harry Potter and the Deathly Hallows (Harry Potter, #7)",J.K. Rowling,"Rowling, J.K.",,"=""""","=""""",0,4.62,Arthur A. Levine Books,Hardcover,759,2007,2007,,2020/03/10,,,read,,,,1,0
6,"Harry Potter and the Goblet of Fire (Harry Potter, #4)",J.K. Rowling,"Rowling, J.K.","Mary GrandPré, Jim Kay","=""""","=""""",0,4.57,Scholastic,Paperback,734,2002,2000,,2020/03/10,,,read,,,,1,0
2,"Harry Potter and the Order of the Phoenix (Harry Potter, #5)",J.K. Rowling,"Rowling, J.K.",Mary GrandPré,"=""""","=""""",0,4.50,Scholastic Inc.,Paperback,912,2004,2003,,2020/03/10,,,read,,,,1,0
15881,"Harry Potter and the Chamber of Secrets (Harry Potter, #2)",J.K. Rowling,"Rowling, J.K.",Mary GrandPré,"=""""","=""""",0,4.43,Arthur A. Levine Books,Hardcover,352,1999,1998,,2020/03/10,,,read,,,,1,0
1,"Harry Potter and the Half-Blood Prince (Harry Potter, #6)",J.K. Rowling,"Rowling, J.K.",,"=""""","=""""",0,4.58,Scholastic Inc,Paperback,652,2006,2005,,2020/03/10,,,read,,,,1,0
11735983,"Insurgent (Divergent, #2)",Veronica Roth,"Roth, Veronica",,"=""0007442912""","=""9780007442911""",0,3.97,HarperCollins Children's Books,Hardcover,525,2012,2012,,2020/03/10,,,read,,,,1,0
6148028,"Catching Fire (The Hunger Games, #2)",Suzanne Collins,"Collins, Suzanne",,"=""0439023491""","=""9780439023498""",0,4.33,Scholastic Press,Hardcover,391,2009,2009,,2020/03/10,,,read,,,,1,0
7260188,"Mockingjay (The Hunger Games, #3)",Suzanne Collins,"Collins, Suzanne",,"=""0439023513""","=""9780439023511""",4,4.09,Scholastic Press,Hardcover,390,2010,2010,,2020/03/10,,,read,,,,1,0
2986865,"Eon: Dragoneye Reborn (Eon, #1)",Alison Goodman,"Goodman, Alison",,"=""0670062278""","=""9780670062270""",4,3.96,Viking Books for Young Readers,Hardcover,531,2008,2008,,2020/03/10,,,read,,,,1,0
7992995,"Eona: The Last Dragoneye (Eon, #2)",Alison Goodman,"Goodman, Alison",,"=""0670063118""","=""9780670063116""",4,4.11,VIKING by Penguin Group,Hardcover,637,2011,2011,,2020/03/10,,,read,,,,1,0
12630405,The Kane Chronicles Survival Guide,Rick Riordan,"Riordan, Rick",,"=""1423153626""","=""9781423153627""",4,4.00,Disney-Hyperion Books,Hardcover,144,2012,2012,,2020/03/10,,,read,,,,1,0
49365319,The Island of Sea Women,Lisa See,"See, Lisa",,"=""1501154869""","=""9781501154867""",0,4.31,Scribner,Paperback,390,2020,2019,,2020/03/10,to-read,to-read (#3),to-read,,,,0,0
42079240,The Annotated American Gods,Neil Gaiman,"Gaiman, Neil",,"=""0062896261""","=""9780062896261""",0,4.11,William Morrow,Hardcover,656,2020,2001,,2020/03/10,to-read,to-read (#2),to-read,,,,0,0
17312201,"The Son of Sobek (Demigods & Magicians, #1)",Rick Riordan,"Riordan, Rick",,"=""""","=""""",0,4.26,Disney-Hyperion Books,ebook,68,2013,2013,,2020/03/10,to-read,to-read (#1),to-read,,,,0,0
12959086,The Demigod Diaries (The Heroes of Olympus),Rick Riordan,"Riordan, Rick",,"=""1423163001""","=""9781423163008""",4,4.13,Disney-Hyperion Books,Hardcover,244,2012,2012,,2020/03/10,,,read,,,,1,0
18216364,The Kane Chronicles (The Kane Chronicles #1-3),Rick Riordan,"Riordan, Rick",,"=""""","=""""",5,4.51,Disney Hyperion,Kindle Edition,1520,2013,2012,,2020/03/10,,,read,,,,1,0
41667,"My Side of the Mountain (Mountain, #1)",Jean Craighead George,"George, Jean Craighead",,"=""0142401110""","=""9780142401118""",5,4.09,Puffin Books,Paperback,177,2004,1959,,2020/03/10,,,read,,,,1,0
36536139,Kissing Olivia Winchester,Athena Simone,"Simone, Athena",,"=""""","=""9781680309720""",5,3.97,BLVNP Incorporated,Paperback,230,2018,2018,,2018/06/17,,,read,"This a really great book, especially for the folks in the LGBTQ+ community!",,,1,0
11861062,"Starters (Starters, #1)",Lissa Price,"Price, Lissa",,"=""0385742371""","=""9780385742375""",5,3.89,Delacorte Books for Young Readers,Hardcover,352,2012,2012,,2018/06/15,,,read,,,,1,0
6304335,"Beautiful Creatures (Caster Chronicles, #1)",Kami Garcia,"Garcia, Kami",Margaret Stohl,"=""0316042676""","=""9780316042673""",4,3.77,"Little, Brown and Company",Hardcover,563,2009,2009,,2018/06/15,,,read,,,,1,0
7735333,"Matched (Matched, #1)",Ally Condie,"Condie, Ally",,"=""0525423648""","=""9780525423645""",3,3.62,Dutton Books for Young Readers,Hardcover,369,2010,2010,,2018/06/15,,,read,,,,1,0
17157681,"The Hobbit, Part One",J.R.R. Tolkien,"Tolkien, J.R.R.",David Wyatt,"=""0007926669""","=""9780007926664""",5,4.31,HarperCollins Children's Books,Paperback,230,2012,1937,,2018/06/15,,,read,,,,1,0
13003565,"The Invaders (Brotherband Chronicles, #2)",John Flanagan,"Flanagan, John",,"=""0399256202""","=""9780399256202""",4,4.39,Viking Books for Young Readers,Hardcover,429,2012,2012,,2018/06/15,,,read,,,,1,0
11254850,"Seeds of Rebellion (Beyonders, #2)",Brandon Mull,"Mull, Brandon",,"=""1416997946""","=""9781416997948""",3,4.29,Aladdin,Hardcover,483,2012,2012,,2018/06/15,,,read,,,,1,0
9307674,"The Last Guardian (Artemis Fowl, #8)",Eoin Colfer,"Colfer, Eoin",,"=""1423161610""","=""9781423161615""",4,4.16,Disney/Hyperion Books,Hardcover,328,2012,2012,,2018/06/15,,,read,,,,1,0
9465845,"Vespers Rising (The 39 Clues, #11)",Rick Riordan,"Riordan, Rick","Peter Lerangis, Gordon Korman, Jude Watson","=""0545290597""","=""9780545290593""",5,4.12,Scholastic Inc.,Paperback,238,2011,2011,,2018/06/15,,,read,,,,1,0
5972040,"Beyond the Grave (The 39 Clues, #4)",Jude Watson,"Watson, Jude",,"=""0545060443""","=""9780545060448""",3,3.93,Scholastic Inc.,Hardcover,190,2009,2009,,2018/06/15,,,read,,,,1,0
28187,"The Lightning Thief (Percy Jackson and the Olympians, #1)",Rick Riordan,"Riordan, Rick",,"=""""","=""""",5,4.31,Disney Hyperion Books,Paperback,377,2006,2005,,2018/06/15,,,read,,,,1,0
12127750,"The Mark of Athena (The Heroes of Olympus, #3)",Rick Riordan,"Riordan, Rick",,"=""1423140605""","=""9781423140603""",5,4.47,Disney-Hyperion Books,Hardcover,586,2012,2012,,2018/06/15,,,read,,,,1,0
13089710,"The Kill Order (The Maze Runner, #0.4)",James Dashner,"Dashner, James",,"=""0385742886""","=""9780385742887""",5,3.71,Delacorte Books for Young Readers,Hardcover,327,2012,2012,,2018/06/15,,,read,,,,1,0
3,"Harry Potter and the Sorcerer's Stone (Harry Potter, #1)",J.K. Rowling,"Rowling, J.K.",,"=""""","=""""",5,4.47,Scholastic Inc,Hardcover,309,2003,1997,,2018/06/15,,,read,,,,1,0
784911,"Rise of the Evening Star (Fablehaven, #2)",Brandon Mull,"Mull, Brandon",,"=""1590387422""","=""9781590387429""",5,4.18,Shadow Mountain,Hardcover,456,2007,2007,,2018/06/15,,,read,,,,1,0
3777732,"City of Glass (The Mortal Instruments, #3)",Cassandra Clare,"Clare, Cassandra",,"=""1416914307""","=""9781416914303""",4,4.28,Margaret K. McElderry Books,Hardcover,541,2009,2009,,2018/06/15,,,read,,,,1,0
561456,"The Titan’s Curse (Percy Jackson and the Olympians, #3)",Rick Riordan,"Riordan, Rick",,"=""""","=""""",5,4.37,Puffin Books,Paperback,320,2007,2007,,2018/06/15,,,read,,,,1,0
9275658,"Legend (Legend, #1)",Marie Lu,"Lu, Marie",,"=""""","=""""",4,4.15,Putnam Juvenile,Hardcover,305,2011,2011,,2018/06/15,,,read,,,,1,0
11870085,The Fault in Our Stars,John Green,"Green, John",,"=""""","=""""",3,4.13,Dutton Books,Hardcover,313,2012,2012,,2018/06/15,,,read,,,,1,0
13335037,"Divergent (Divergent, #1)",Veronica Roth,"Roth, Veronica",,"=""0062024035""","=""9780062024039""",4,4.14,Katherine Tegen Books,Paperback,487,2012,2011,,2018/06/15,,,read,,,,1,0
2767052,"The Hunger Games (The Hunger Games, #1)",Suzanne Collins,"Collins, Suzanne",,"=""0439023483""","=""9780439023481""",5,4.34,Scholastic Press,Hardcover,374,2008,2008,,2018/06/15,,,read,,,,1,0
